<?xml version="1.0" encoding="UTF-8"?><?xml-stylesheet type='text/xsl' href='_UpgradeReport_Files/UpgradeReport.xslt'?><UpgradeLog>
<Properties><Property Name="Solution" Value="ECON_1">
</Property><Property Name="Solution File" Value="D:\AGV_2010\ECON_EDIT\ECON_1.sln">
</Property><Property Name="User Options File" Value="D:\AGV_2010\ECON_EDIT\ECON_1.suo">
</Property><Property Name="Date" Value="2018年2月8日">
</Property><Property Name="Time" Value="下午 15:47">
</Property></Properties><Event ErrorLevel="0" Project="" Source="ECON_1.sln" Description="File successfully backed up as D:\AGV_2010\ECON_EDIT\Backup\ECON_1.sln">
</Event><Event ErrorLevel="0" Project="" Source="ECON_1.suo" Description="File successfully backed up as D:\AGV_2010\ECON_EDIT\Backup\ECON_1.suo">
</Event><Event ErrorLevel="0" Project="ECON_1" Source="ECON_1\ECON_1.vbproj" Description="Project file successfully backed up as D:\AGV_2010\ECON_EDIT\Backup\ECON_1\ECON_1.vbproj">
</Event><Event ErrorLevel="0" Project="ECON_1" Source="ECON_1\ECON_1.vbproj.user" Description="Project user file successfully backed up as D:\AGV_2010\ECON_EDIT\Backup\ECON_1\ECON_1.vbproj.user">
</Event><Event ErrorLevel="0" Project="ECON_1" Source="ECON_1\Form1.vb" Description="File successfully backed up as D:\AGV_2010\ECON_EDIT\Backup\ECON_1\Form1.vb">
</Event><Event ErrorLevel="0" Project="ECON_1" Source="ECON_1\Form1.Designer.vb" Description="File successfully backed up as D:\AGV_2010\ECON_EDIT\Backup\ECON_1\Form1.Designer.vb">
</Event><Event ErrorLevel="0" Project="ECON_1" Source="ECON_1\AGV.vb" Description="File successfully backed up as D:\AGV_2010\ECON_EDIT\Backup\ECON_1\AGV.vb">
</Event><Event ErrorLevel="0" Project="ECON_1" Source="ECON_1\Dijkstra.vb" Description="File successfully backed up as D:\AGV_2010\ECON_EDIT\Backup\ECON_1\Dijkstra.vb">
</Event><Event ErrorLevel="0" Project="ECON_1" Source="ECON_1\My Project\AssemblyInfo.vb" Description="File successfully backed up as D:\AGV_2010\ECON_EDIT\Backup\ECON_1\My Project\AssemblyInfo.vb">
</Event><Event ErrorLevel="0" Project="ECON_1" Source="ECON_1\My Project\Application.Designer.vb" Description="File successfully backed up as D:\AGV_2010\ECON_EDIT\Backup\ECON_1\My Project\Application.Designer.vb">
</Event><Event ErrorLevel="0" Project="ECON_1" Source="ECON_1\My Project\Resources.Designer.vb" Description="File successfully backed up as D:\AGV_2010\ECON_EDIT\Backup\ECON_1\My Project\Resources.Designer.vb">
</Event><Event ErrorLevel="0" Project="ECON_1" Source="ECON_1\My Project\Settings.Designer.vb" Description="File successfully backed up as D:\AGV_2010\ECON_EDIT\Backup\ECON_1\My Project\Settings.Designer.vb">
</Event><Event ErrorLevel="0" Project="ECON_1" Source="ECON_1\My Project\Application.myapp" Description="File successfully backed up as D:\AGV_2010\ECON_EDIT\Backup\ECON_1\My Project\Application.myapp">
</Event><Event ErrorLevel="0" Project="ECON_1" Source="ECON_1\My Project\Settings.settings" Description="File successfully backed up as D:\AGV_2010\ECON_EDIT\Backup\ECON_1\My Project\Settings.settings">
</Event><Event ErrorLevel="0" Project="ECON_1" Source="ECON_1\Form1.resx" Description="File successfully backed up as D:\AGV_2010\ECON_EDIT\Backup\ECON_1\Form1.resx">
</Event><Event ErrorLevel="0" Project="ECON_1" Source="ECON_1\My Project\Resources.resx" Description="File successfully backed up as D:\AGV_2010\ECON_EDIT\Backup\ECON_1\My Project\Resources.resx">
</Event><Event ErrorLevel="0" Project="ECON_1" Source="ECON_1\ECON_1.vbproj" Description="Project converted successfully">
</Event><Event ErrorLevel="3" Project="ECON_1" Source="ECON_1\ECON_1.vbproj" Description="Converted">
</Event><Event ErrorLevel="0" Project="" Source="ECON_1.sln" Description="Solution converted successfully">
</Event><Event ErrorLevel="3" Project="" Source="ECON_1.sln" Description="Converted">
</Event><Event ErrorLevel="0" Project="ECON_1" Source="ECON_1\ECON_1.vbproj" Description="Scan complete: Upgrade not required for project files.">
</Event></UpgradeLog>